Provider,Workload,CPU,N,Min,Q1,Median,Q3,Max,Mean,Std,CV (%)
AWS Lambda,AES-CTR,AMD EPYC 2.25GHz,2504,658.3,974.0,1100.1,1156.7,1300.5,1070.0,116.6,10.9
AWS Lambda,AES-CTR,AMD EPYC 2.65GHz,977,682.0,938.9,1060.3,1116.4,1335.6,1035.1,109.0,10.5
AWS Lambda,AES-CTR,Intel Xeon 2.50GHz,39232,1299.6,1719.5,1861.1,1897.8,2072.8,1813.7,128.8,7.1
AWS Lambda,AES-CTR,Intel Xeon 2.90GHz,3625,1239.7,1638.3,1801.7,1858.9,2077.6,1754.2,149.7,8.5
AWS Lambda,AES-CTR,Intel Xeon 3.00GHz,438,1515.3,1713.9,1872.1,1895.0,1978.5,1812.4,118.0,6.5
AWS Lambda,Gzip,AMD EPYC 2.25GHz,2731,1738.2,1895.8,1937.1,1997.8,2183.8,1946.7,78.2,4.0
AWS Lambda,Gzip,AMD EPYC 2.65GHz,726,1760.8,1820.7,1843.5,1879.3,2416.9,1856.5,56.1,3.0
AWS Lambda,Gzip,Intel Xeon 2.50GHz,37037,1760.1,1878.9,1902.0,1937.7,2053.8,1908.3,40.2,2.1
AWS Lambda,Gzip,Intel Xeon 2.90GHz,4561,1906.2,2017.6,2038.5,2059.1,2121.6,2034.0,33.6,1.7
AWS Lambda,Gzip,Intel Xeon 3.00GHz,1979,1720.0,1778.1,1796.5,1813.9,1878.4,1793.0,26.3,1.5
AWS Lambda,JSON,AMD EPYC 2.25GHz,4209,1803.7,1999.1,2042.2,2113.9,2361.2,2055.3,85.7,4.2
AWS Lambda,JSON,AMD EPYC 2.65GHz,894,1803.6,1902.1,1939.0,1977.1,2178.8,1943.1,57.2,2.9
AWS Lambda,JSON,Intel Xeon 2.50GHz,35405,2098.0,2277.5,2302.8,2343.1,2540.2,2310.6,55.2,2.4
AWS Lambda,JSON,Intel Xeon 2.90GHz,4575,2037.6,2181.6,2220.0,2259.2,2418.2,2219.2,52.8,2.4
AWS Lambda,JSON,Intel Xeon 3.00GHz,1930,2043.0,2156.6,2179.7,2200.5,2318.4,2176.0,39.1,1.8
AWS Lambda,MatMul,AMD EPYC 2.25GHz,7529,1443.2,1617.7,1678.3,1740.6,2097.8,1683.3,91.5,5.4
AWS Lambda,MatMul,AMD EPYC 2.65GHz,1070,1441.2,1541.3,1586.0,1654.0,2020.0,1604.9,85.6,5.3
AWS Lambda,MatMul,Intel Xeon 2.50GHz,28371,2062.9,2662.2,2741.7,2827.6,3323.8,2748.5,136.7,5.0
AWS Lambda,MatMul,Intel Xeon 2.90GHz,6421,1702.5,2201.4,2279.5,2358.4,2858.4,2280.9,122.6,5.4
AWS Lambda,MatMul,Intel Xeon 3.00GHz,3219,2022.0,2602.5,2682.5,2759.7,2999.8,2678.2,121.8,4.5
AWS Lambda,SHA-256,AMD EPYC 2.25GHz,5708,1762.4,1875.3,1898.4,1955.1,2156.0,1917.6,59.6,3.1
AWS Lambda,SHA-256,AMD EPYC 2.65GHz,1140,1805.1,1840.2,1844.9,1860.8,2360.6,1858.0,35.6,1.9
AWS Lambda,SHA-256,Intel Xeon 2.50GHz,33720,2278.9,2376.9,2397.4,2423.9,2519.9,2402.3,35.0,1.5
AWS Lambda,SHA-256,Intel Xeon 2.90GHz,4568,2720.6,2819.8,2856.0,2882.3,2993.3,2853.5,44.9,1.6
AWS Lambda,SHA-256,Intel Xeon 3.00GHz,1810,2220.0,2242.6,2257.8,2265.1,2317.6,2257.8,15.6,0.7
Alibaba FC,AES-CTR,Intel Xeon 2.50GHz,35152,398.2,765.8,844.5,924.3,1259.5,855.8,117.4,13.7
Alibaba FC,AES-CTR,Intel Xeon 2.90GHz,3038,280.0,579.8,624.8,680.6,976.2,631.2,79.4,12.6
Alibaba FC,AES-CTR,Intel Xeon 8269CY 3.10GHz,8384,124.0,355.4,575.4,721.2,1063.9,543.2,210.1,38.7
Alibaba FC,Gzip,Intel Xeon 2.50GHz,35698,1157.1,1361.5,1440.3,1522.7,1837.0,1447.9,113.7,7.9
Alibaba FC,Gzip,Intel Xeon 2.90GHz,2834,1010.8,1098.8,1138.1,1183.3,1500.9,1148.5,69.4,6.0
Alibaba FC,Gzip,Intel Xeon 8269CY 3.10GHz,8080,407.9,1078.5,1305.7,1531.5,1897.0,1274.0,317.7,24.9
Alibaba FC,JSON,Intel Xeon 2.50GHz,35533,1367.3,1681.1,1817.6,1983.0,2605.9,1843.4,213.9,11.6
Alibaba FC,JSON,Intel Xeon 2.90GHz,2518,1024.9,1161.0,1222.8,1308.5,1743.3,1243.3,114.1,9.2
Alibaba FC,JSON,Intel Xeon 8269CY 2.50GHz,37,583.3,1907.2,2148.7,2497.7,2680.0,2162.2,416.4,19.3
Alibaba FC,JSON,Intel Xeon 8269CY 3.10GHz,8808,458.3,1645.6,1989.8,2175.6,2663.3,1855.9,458.3,24.7
Alibaba FC,MatMul,Intel Xeon 2.50GHz,33860,1606.2,2699.4,3194.9,3783.2,5563.9,3268.9,719.0,22.0
Alibaba FC,MatMul,Intel Xeon 2.90GHz,2986,978.6,1279.8,1418.9,1642.4,3463.7,1509.9,349.6,23.2
Alibaba FC,MatMul,Intel Xeon 8269CY 2.50GHz,68,647.8,2237.3,2817.0,3216.5,4242.8,2725.6,806.6,29.6
Alibaba FC,MatMul,Intel Xeon 8269CY 3.10GHz,9838,529.2,1950.6,2324.9,2663.0,4318.0,2284.8,626.5,27.4
Alibaba FC,SHA-256,Intel Xeon 2.50GHz,34825,1733.8,1984.2,2091.7,2203.1,2740.6,2103.6,156.7,7.4
Alibaba FC,SHA-256,Intel Xeon 2.90GHz,2278,526.9,577.9,600.3,625.8,779.2,605.4,40.1,6.6
Alibaba FC,SHA-256,Intel Xeon 8269CY 3.10GHz,9795,617.6,2144.2,2510.3,2771.9,3218.1,2378.3,511.3,21.5
Azure Functions,AES-CTR,AMD EPYC 7763,3007,136.3,795.8,1008.7,1188.2,2189.0,959.6,403.2,42.0
Azure Functions,AES-CTR,AMD EPYC 9V74,33468,105.6,601.4,802.8,901.7,1800.5,734.1,323.5,44.1
Azure Functions,AES-CTR,Intel Xeon 8370C,12828,178.7,1094.3,1307.5,1499.4,2299.4,1195.0,467.7,39.1
Azure Functions,Gzip,AMD EPYC 7763,2912,353.0,519.1,1682.7,1785.3,2300.8,1383.8,589.4,42.6
Azure Functions,Gzip,AMD EPYC 9V74,33634,313.8,367.8,1398.6,1493.0,2092.0,1147.4,497.5,43.4
Azure Functions,Gzip,Intel Xeon 8370C,13039,360.5,458.1,1613.6,1711.7,2491.9,1365.2,586.8,43.0
Azure Functions,JSON,AMD EPYC 7763,2780,421.7,1807.8,1912.5,2011.9,2812.5,1645.1,656.3,39.9
Azure Functions,JSON,AMD EPYC 9V74,33742,316.8,402.3,1411.9,1500.4,1929.6,1175.5,504.2,42.9
Azure Functions,JSON,Intel Xeon 8370C,12912,385.9,616.4,1797.8,1892.7,2507.2,1494.5,619.1,41.4
Azure Functions,MatMul,AMD EPYC 7763,2702,364.4,640.9,1614.0,1713.4,2402.2,1389.5,579.7,41.7
Azure Functions,MatMul,AMD EPYC 9V74,33832,289.8,359.0,1297.4,1317.5,2012.0,1058.6,457.0,43.2
Azure Functions,MatMul,Intel Xeon 8370C,12832,360.4,598.4,1712.4,1878.6,2691.9,1468.7,621.6,42.3
Azure Functions,SHA-256,AMD EPYC 7763,2716,170.1,702.0,709.4,791.2,1281.0,648.6,230.5,35.5
Azure Functions,SHA-256,AMD EPYC 9V74,33800,148.1,601.9,606.9,682.6,997.7,541.9,200.2,36.9
Azure Functions,SHA-256,Intel Xeon 8370C,12642,203.3,816.2,898.5,909.2,1383.5,788.4,274.2,34.8
GCF,AES-CTR,Model 1 (AMD),6459,1998.9,4808.4,5004.6,5223.7,7104.0,5047.6,334.0,6.6
GCF,AES-CTR,Model 106 (Intel),2741,1519.3,3103.1,3208.2,3314.2,4386.9,3217.3,201.6,6.3
GCF,AES-CTR,Model 143 (Intel),13786,1399.1,3194.6,3397.0,3621.6,5499.3,3423.7,361.2,10.5
GCF,AES-CTR,Model 17 (AMD),12248,506.5,5389.2,5589.7,5800.1,7291.1,5340.3,829.6,15.5
GCF,AES-CTR,Model 85 (Intel),12013,1911.9,4325.1,4507.4,4709.4,5700.8,4534.7,303.5,6.7
GCF,Gzip,Model 1 (AMD),1713,1412.7,1529.1,1611.2,1691.2,1908.6,1615.1,90.2,5.6
GCF,Gzip,Model 106 (Intel),2120,1117.1,1295.0,1313.3,1402.5,1695.7,1338.6,94.1,7.0
GCF,Gzip,Model 143 (Intel),17615,1101.1,1286.2,1318.1,1414.5,1804.8,1352.8,124.7,9.2
GCF,Gzip,Model 17 (AMD),20923,1825.2,2015.3,2107.4,2198.4,2710.4,2116.8,116.9,5.5
GCF,Gzip,Model 85 (Intel),4842,1117.6,1302.0,1380.1,1412.5,1809.1,1363.3,100.2,7.4
GCF,JSON,Model 1 (AMD),1888,1530.0,1705.4,1782.9,1823.2,2211.5,1776.4,103.0,5.8
GCF,JSON,Model 106 (Intel),2643,1522.5,1796.4,1821.5,1916.9,2610.3,1869.1,139.3,7.5
GCF,JSON,Model 143 (Intel),13694,1219.7,1510.0,1610.9,1717.0,2303.6,1632.9,160.5,9.8
GCF,JSON,Model 17 (AMD),22646,1810.7,2019.6,2110.3,2210.5,3117.9,2147.4,146.4,6.8
GCF,JSON,Model 85 (Intel),6459,1714.4,1920.0,2011.6,2114.5,3112.6,2044.6,149.2,7.3
GCF,MatMul,Model 1 (AMD),6188,1200.0,1399.9,1519.9,1794.4,3187.8,1616.9,304.8,18.9
GCF,MatMul,Model 106 (Intel),2813,1220.3,1408.1,1512.8,1707.1,3292.2,1589.8,245.5,15.4
GCF,MatMul,Model 143 (Intel),11690,1016.4,1221.2,1389.4,1518.2,2700.9,1418.6,241.6,17.0
GCF,MatMul,Model 17 (AMD),16865,1507.3,1614.5,1700.4,1799.9,2498.8,1729.4,134.2,7.8
GCF,MatMul,Model 85 (Intel),10986,1610.7,1920.2,2126.3,2503.4,4609.3,2283.2,463.9,20.3
GCF,SHA-256,Model 1 (AMD),3868,375.1,407.1,411.0,419.1,494.8,423.0,26.0,6.2
GCF,SHA-256,Model 106 (Intel),19,627.0,698.7,700.8,702.9,779.2,698.0,30.1,4.3
GCF,SHA-256,Model 143 (Intel),20688,482.7,587.9,599.7,613.5,802.9,601.7,53.9,9.0
GCF,SHA-256,Model 17 (AMD),17980,498.8,583.9,591.7,598.1,700.2,580.1,36.2,6.2
GCF,SHA-256,Model 85 (Intel),5468,1820.3,2014.1,2189.9,2403.1,3488.8,2262.6,316.2,14.0
